Timestamp,Session_Id,Brick_Count,Attempts,Level_Number,Collectibles,DeathByEnemy,DeathByFall,TimeTaken
10/18/2022 17:14:35,"6,38,01,71,00,76,45,30,000.00",2,3,1,3,0,2,42.585
10/18/2022 17:30:35,"6,38,01,71,10,34,52,00,000.00",2,6,1,3,2,3,60.8
10/18/2022 18:35:28,"6,38,01,71,49,27,38,10,000.00",2,2,1,3,1,0,22.551
10/18/2022 18:35:57,"6,38,01,71,49,56,33,10,000.00",2,2,2,6,0,1,27.65
10/18/2022 18:39:47,"6,38,01,71,51,86,40,70,000.00",2,7,1,3,3,3,41.693
10/18/2022 19:00:29,"6,38,01,71,64,28,48,30,000.00",2,10,1,1,2,7,52.818
10/18/2022 19:37:37,"6,38,01,77,26,56,24,20,000.00",2,3,1,2,0,2,23.998
10/18/2022 19:43:04,"6,38,01,71,89,83,89,10,000.00",2,12,1,3,3,8,90.148
10/18/2022 19:44:24,"6,38,01,71,90,64,02,00,000.00",2,11,2,7,0,10,78.494
10/18/2022 19:54:21,"6,38,01,71,96,60,13,70,000.00",2,31,2,6,3,27,592.882
10/18/2022 19:57:23,"6,38,01,71,98,42,98,60,000.00",2,20,3,5,0,19,181.265
10/18/2022 20:03:51,"6,38,01,72,74,30,12,40,000.00",2,8,1,3,2,5,109.779
10/18/2022 20:04:13,"6,38,01,72,74,53,10,70,000.00",0,1,2,4,0,0,19.833
10/18/2022 20:38:52,"6,38,01,72,23,30,97,10,000.00",2,6,1,2,1,4,112.883
10/18/2022 20:40:03,"6,38,01,72,24,02,65,30,000.00",2,4,2,3,1,2,68.133
10/18/2022 20:40:28,"6,38,01,72,24,28,13,60,000.00",0,2,2,4,0,1,22.082
10/18/2022 20:53:33,"6,38,01,72,32,11,79,60,000.00",2,4,2,6,0,3,3356.621
10/18/2022 20:55:09,"6,38,01,72,33,08,85,60,000.00",2,8,2,8,0,7,95.35
10/18/2022 20:55:57,"6,38,01,72,33,56,87,30,000.00",1,5,3,4,0,4,46.525
10/18/2022 20:56:32,"6,38,01,72,33,91,30,20,000.00",2,1,3,5,0,0,31.625
10/18/2022 21:20:38,"6,38,01,72,48,37,24,10,000.00",2,1,1,3,0,0,52.432
10/18/2022 21:21:31,"6,38,01,72,48,90,24,00,000.00",2,3,2,6,0,2,51.365
10/18/2022 21:25:21,"6,38,01,72,51,20,83,80,000.00",2,16,3,5,1,14,228.397
10/19/2022 8:41:06,"6,38,01,76,56,65,17,90,000.00",2,5,1,3,2,2,34.648
10/19/2022 13:49:47,"6,38,01,78,41,86,34,50,000.00",2,1,1,3,0,0,31.766
10/19/2022 13:52:41,"6,38,01,78,43,60,37,90,000.00",1,17,2,4,1,15,172.269
10/19/2022 13:55:44,"6,38,01,78,45,43,52,90,000.00",1,14,3,3,1,12,177.551
10/19/2022 14:19:32,"6,38,01,78,59,71,74,20,000.00",2,3,1,3,0,2,809.155
10/19/2022 14:20:01,"6,38,01,78,60,00,69,20,000.00",1,1,2,2,0,0,27.034
10/19/2022 14:29:55,"6,38,01,78,65,95,32,60,000.00",2,2,1,3,1,0,45.199
10/19/2022 14:31:13,"6,38,01,78,66,73,38,50,000.00",2,7,2,8,1,5,76.804
10/19/2022 14:34:32,"6,38,01,78,68,72,41,70,000.00",2,12,3,5,1,10,197.933
10/19/2022 14:35:10,"6,38,01,78,69,10,15,40,000.00",1,18,2,3,1,16,704.61
10/19/2022 15:03:22,"6,38,01,78,86,01,01,70,000.00",2,1,1,3,0,0,18.194
10/19/2022 15:04:23,"6,38,01,78,86,62,84,70,000.00",2,4,2,7,0,3,46.968
10/19/2022 16:59:56,"6,38,01,79,55,95,90,30,000.00",2,3,1,2,1,1,41.765
10/19/2022 17:00:18,"6,38,01,79,56,17,47,00,000.00",2,1,1,2,0,0,18.633
10/19/2022 17:02:13,"6,38,01,79,57,32,97,20,000.00",4,13,2,6,2,10,112.969
10/19/2022 17:02:28,"6,38,01,79,57,48,00,50,000.00",0,1,3,2,0,0,12.15
10/19/2022 17:02:40,"6,38,01,79,57,59,72,20,000.00",0,1,3,2,0,0,9.25
10/19/2022 17:05:27,"6,38,01,79,59,26,86,70,000.00",4,11,1,2,4,6,104.666
10/19/2022 17:05:53,"6,38,01,79,59,52,21,50,000.00",2,2,2,4,0,1,22.883
10/19/2022 17:06:56,"6,38,01,79,60,16,03,00,000.00",1,7,2,4,2,4,61.582
10/19/2022 17:08:43,"6,38,01,79,61,22,49,90,000.00",2,11,2,3,3,7,103.735
10/19/2022 17:12:01,"6,38,01,79,63,20,92,90,000.00",4,12,3,2,3,8,194.031
10/19/2022 18:11:27,"6,38,01,79,98,86,91,40,000.00",2,1,1,3,0,0,18.345
10/19/2022 18:12:30,"6,38,01,79,99,49,53,00,000.00",2,6,2,6,0,5,60.317
10/19/2022 19:23:48,"6,38,01,80,42,27,28,50,000.00",2,5,1,3,3,1,52.212
10/19/2022 19:24:47,"6,38,01,80,42,86,98,10,000.00",2,9,2,5,2,6,58.313
10/19/2022 20:33:56,"6,38,01,80,84,35,23,70,000.00",2,1,1,3,0,0,20.666
10/19/2022 20:39:24,"6,38,01,80,87,63,33,50,000.00",4,4,1,4,1,2,111.084
10/19/2022 20:41:50,"6,38,01,80,89,09,38,40,000.00",4,11,2,7,0,10,144.334
10/19/2022 20:42:07,"6,38,01,80,89,27,10,10,000.00",2,6,1,3,3,2,35.58
10/19/2022 20:43:22,"6,38,01,80,90,01,68,40,000.00",2,14,2,6,1,12,72.717
10/19/2022 20:54:32,"6,38,01,80,96,71,57,70,000.00",2,1,1,3,0,0,45.119
10/19/2022 23:57:11,"6,38,01,82,06,30,99,90,000.00",2,3,1,3,2,0,29.474
10/19/2022 23:57:31,"6,38,01,82,06,51,36,90,000.00",1,3,2,5,0,2,17.505
10/19/2022 23:59:14,"6,38,01,82,07,53,77,10,000.00",2,11,2,6,0,10,99.953
10/20/2022 0:00:59,"6,38,01,82,08,58,45,50,000.00",2,13,3,2,1,11,102.552
10/20/2022 11:43:41,"6,38,01,86,30,19,68,30,000.00",2,3,1,2,0,2,50.956
10/20/2022 12:30:35,"6,38,01,86,58,34,79,20,000.00",2,11,1,2,1,9,59.483
10/20/2022 12:31:08,"6,38,01,86,58,67,89,10,000.00",2,1,2,5,0,0,31.266
10/20/2022 12:32:30,"6,38,01,86,59,49,79,20,000.00",2,8,2,7,0,7,80.033
10/20/2022 15:54:50,"6,38,01,87,80,89,63,50,000.00",2,2,1,3,0,1,16.265
10/20/2022 15:55:53,"6,38,01,87,81,52,43,60,000.00",0,17,2,4,5,11,60.967
10/20/2022 16:40:15,"6,38,01,88,08,11,64,40,000.00",2,3,1,3,0,2,23.009
10/20/2022 16:41:42,"6,38,01,88,08,98,44,20,000.00",2,11,2,7,0,10,85.694
10/20/2022 16:42:40,"6,38,01,88,09,56,64,80,000.00",2,7,3,2,1,5,57.172
10/20/2022 17:00:54,"6,38,01,88,20,53,85,40,000.00",4,18,1,1,2,15,8102.566
10/20/2022 17:29:35,"6,38,01,88,37,74,19,00,000.00",4,8,1,3,2,5,69.836
10/20/2022 21:42:24,"6,38,01,89,89,43,44,70,000.00",4,9,1,3,0,8,84.009
10/20/2022 22:22:26,"6,38,01,90,13,45,75,70,000.00",2,6,1,3,0,5,61.919
10/20/2022 23:16:30,"6,38,01,90,45,90,07,30,000.00",2,1,1,3,0,0,17.036
10/20/2022 23:17:02,"6,38,01,90,46,22,25,30,000.00",2,2,2,7,0,1,31.071
10/20/2022 23:17:41,"6,38,01,90,46,60,72,20,000.00",2,2,3,5,0,1,36.819
10/20/2022 23:18:26,"6,38,01,90,47,06,35,00,000.00",1,4,3,5,0,3,41.702
10/21/2022 13:13:24,"6,38,01,95,48,03,53,50,000.00",2,3,1,3,0,2,69.425
10/21/2022 14:39:51,"6,38,01,95,99,90,21,20,000.00",2,6,1,2,1,4,37.647
10/21/2022 14:40:40,"6,38,01,96,00,39,67,80,000.00",2,5,2,2,2,2,47.4
10/21/2022 16:17:02,"6,38,01,96,58,21,33,80,000.00",4,23,1,2,3,19,149.681
10/21/2022 16:20:17,"6,38,01,96,60,16,67,00,000.00",4,22,2,3,3,18,192.682
10/21/2022 16:59:19,"6,38,01,96,83,58,16,70,000.00",2,2,1,3,1,0,40.864
10/21/2022 17:00:03,"6,38,01,96,84,02,50,10,000.00",1,5,2,3,0,4,39.9
10/21/2022 17:01:19,"6,38,01,96,84,78,85,20,000.00",2,9,2,4,0,8,62.051
10/21/2022 17:05:17,"6,38,01,96,87,16,75,10,000.00",2,1,1,2,0,0,25.617
10/21/2022 17:07:02,"6,38,01,96,88,21,10,40,000.00",2,11,2,7,3,7,102.318
10/21/2022 18:23:40,"6,38,01,97,34,18,83,80,000.00",2,4,1,3,1,2,46.417
10/21/2022 18:24:07,"6,38,01,97,34,46,42,10,000.00",2,3,2,5,0,2,26.334
10/21/2022 18:25:24,"6,38,01,97,35,23,58,90,000.00",2,10,2,7,4,5,75.102
10/21/2022 19:21:36,"6,38,01,97,68,94,64,80,000.00",2,4,1,2,1,2,30.99
10/21/2022 19:22:15,"6,38,01,97,69,33,84,30,000.00",2,5,2,3,1,3,37.437
10/21/2022 19:29:13,"6,38,01,98,45,52,87,40,000.00",2,4,1,1,1,2,42.334
10/21/2022 19:29:44,"6,38,01,98,45,83,64,00,000.00",2,5,1,3,2,2,28.981
10/21/2022 19:30:10,"6,38,01,98,46,09,62,40,000.00",1,4,2,5,0,3,24.931
10/21/2022 19:30:35,"6,38,01,98,46,35,09,10,000.00",2,1,1,3,0,0,17.049
10/21/2022 19:31:57,"6,38,01,98,47,16,61,00,000.00",2,16,2,5,0,15,80.633
10/21/2022 19:32:55,"6,38,01,98,47,74,87,60,000.00",2,11,2,6,1,9,55.633
10/21/2022 22:42:15,"6,38,01,98,89,33,27,90,000.00",2,5,1,2,1,3,46.663
10/21/2022 22:42:49,"6,38,01,98,89,67,67,80,000.00",2,2,2,6,0,1,32.883
10/21/2022 23:31:20,"6,38,01,99,18,79,27,20,000.00",2,3,1,2,1,1,31.377
10/21/2022 23:31:40,"6,38,01,99,18,99,49,00,000.00",2,1,2,4,0,0,18.985
10/21/2022 23:33:56,"6,38,01,99,20,35,45,60,000.00",2,1,1,3,0,0,42.754
10/21/2022 23:35:22,"6,38,01,99,21,21,41,40,000.00",2,9,2,5,1,7,68.957
10/21/2022 23:36:22,"6,38,01,99,21,81,67,30,000.00",2,6,2,6,2,3,57.559
10/21/2022 23:39:24,"6,38,01,99,23,63,28,80,000.00",6,17,3,4,0,16,179.39
10/21/2022 23:46:20,"6,38,01,99,27,79,19,00,000.00",1,3,2,6,1,1,38.6
10/22/2022 1:31:43,"6,38,01,99,91,02,00,80,000.00",2,8,1,2,0,7,47.795
10/22/2022 1:32:26,"6,38,01,99,91,45,95,80,000.00",0,11,2,3,2,8,41.407
10/22/2022 1:32:57,"6,38,01,99,91,76,62,40,000.00",0,8,2,4,2,5,25.191
10/22/2022 8:18:27,"6,38,02,02,35,06,66,80,000.00",2,3,1,3,0,2,23.547
10/22/2022 12:04:20,"6,38,02,03,70,58,34,60,000.00",6,6,1,3,3,2,72.548
10/22/2022 12:09:48,"6,38,02,03,73,86,39,70,000.00",1,10,2,5,0,9,326.96
10/22/2022 12:10:40,"6,38,02,03,74,38,55,60,000.00",2,2,2,7,0,1,37.721
10/22/2022 12:13:49,"6,38,02,03,76,27,43,50,000.00",4,10,3,5,1,8,186.948
10/22/2022 12:24:26,"6,38,02,03,82,65,44,00,000.00",2,8,1,3,4,3,237.659
10/22/2022 12:31:20,"6,38,02,03,86,79,66,00,000.00",2,25,2,5,0,24,413.189
10/22/2022 12:31:44,"6,38,02,03,87,04,15,90,000.00",2,2,1,3,0,1,20.483
10/22/2022 12:33:08,"6,38,02,03,87,87,26,10,000.00",4,6,1,3,2,3,35.721
10/22/2022 12:33:28,"6,38,02,03,88,07,89,30,000.00",1,6,3,4,0,5,100.184
10/22/2022 12:34:20,"6,38,02,03,88,59,39,20,000.00",2,7,2,8,2,4,71.186
10/22/2022 14:48:50,"6,38,02,05,41,28,41,30,000.00",2,39,3,1,3,35,69351.535
10/22/2022 14:55:13,"6,38,02,04,73,12,04,00,000.00",2,10,1,2,4,5,44.225
10/22/2022 15:56:27,"6,38,02,05,09,86,31,60,000.00",2,3,1,3,0,2,62.564
10/22/2022 15:58:48,"6,38,02,05,11,27,26,50,000.00",2,11,2,3,2,8,130.546
10/22/2022 16:09:03,"6,38,02,05,17,42,24,10,000.00",2,12,1,3,2,9,78.39
10/22/2022 16:10:27,"6,38,02,05,18,26,52,50,000.00",2,12,2,4,1,10,82.734
10/22/2022 16:11:54,"6,38,02,05,19,14,07,50,000.00",2,9,2,4,1,7,85.8
10/22/2022 16:21:52,"6,38,02,05,25,11,37,70,000.00",4,3,1,3,0,2,51.4
10/22/2022 16:22:48,"6,38,02,05,25,68,04,20,000.00",2,4,2,8,0,3,55.332
10/22/2022 16:25:31,"6,38,02,05,27,30,60,50,000.00",6,9,3,5,1,7,161.146
10/22/2022 17:59:58,"6,38,02,05,84,01,46,70,000.00",4,10,1,3,4,5,92.421
10/22/2022 18:00:50,"6,38,02,05,84,53,47,70,000.00",2,5,2,7,1,3,50.941
10/22/2022 18:30:16,"6,38,02,06,02,10,90,30,000.00",2,7,1,2,2,4,67.699
10/22/2022 18:32:13,"6,38,02,06,03,32,37,00,000.00",2,13,2,4,3,9,85.666
10/22/2022 18:56:11,"6,38,02,06,90,11,46,50,000.00",6,15,1,2,0,14,226.545
10/22/2022 18:57:17,"6,38,02,06,90,78,24,80,000.00",1,4,2,6,0,3,62.586
10/22/2022 20:22:17,"6,38,02,06,69,36,17,80,000.00",2,2,1,2,0,1,43.549
10/22/2022 20:23:17,"6,38,02,06,69,96,62,80,000.00",2,4,2,4,0,3,57.45
10/22/2022 21:57:50,"6,38,02,07,26,69,25,00,000.00",4,7,1,3,1,5,59.148
10/22/2022 21:58:55,"6,38,02,07,27,33,79,90,000.00",2,8,2,5,2,5,62.431
10/22/2022 22:26:29,"6,38,02,07,43,87,91,40,000.00",2,13,1,2,0,12,97.255
10/22/2022 22:33:12,"6,38,02,07,47,91,64,80,000.00",2,27,3,3,5,21,389.883
10/22/2022 22:49:17,"6,38,02,07,57,55,94,90,000.00",2,5,1,1,1,3,34.685
10/22/2022 22:50:27,"6,38,02,07,58,26,22,40,000.00",4,12,1,2,3,8,68.656
10/22/2022 22:50:54,"6,38,02,07,58,54,09,40,000.00",2,1,2,6,0,0,25.151
10/22/2022 22:51:14,"6,38,02,07,58,73,21,30,000.00",2,5,1,3,1,3,44.53
10/22/2022 22:55:10,"6,38,02,07,61,09,98,40,000.00",4,16,3,5,0,15,253.806
10/22/2022 23:14:01,"6,38,02,07,72,40,20,30,000.00",2,9,1,2,1,7,61.849
10/22/2022 23:14:16,"6,38,02,07,72,55,48,50,000.00",0,3,2,3,1,1,13
10/22/2022 23:15:10,"6,38,02,07,73,09,56,90,000.00",2,10,2,4,3,6,51.117
10/22/2022 23:51:22,"6,38,02,07,94,82,24,80,000.00",4,5,1,3,0,4,41.005
10/23/2022 1:36:21,"6,38,02,08,57,79,70,70,000.00",2,1,1,2,0,0,24.908
10/23/2022 1:36:49,"6,38,02,08,58,08,59,40,000.00",2,4,2,5,0,3,27.645
10/23/2022 2:49:53,"6,38,02,09,01,92,16,40,000.00",2,9,1,3,4,4,64.334
10/23/2022 3:57:25,"6,38,02,09,42,43,64,40,000.00",2,10,1,3,2,7,103.392
10/23/2022 6:10:05,"6,38,02,10,22,04,25,90,000.00",2,5,1,2,2,2,43.899
10/23/2022 8:10:45,"6,38,02,10,94,44,07,90,000.00",3,5,1,2,2,2,51.871
10/23/2022 9:17:46,"6,38,02,11,34,65,69,30,000.00",4,7,1,3,1,5,67.699
10/23/2022 9:21:36,"6,38,02,11,36,94,90,70,000.00",4,17,2,8,0,16,227.298
10/23/2022 9:26:09,"6,38,02,11,39,68,75,40,000.00",2,22,3,4,1,20,270.947
10/23/2022 10:07:19,"6,38,02,11,64,39,08,40,000.00",8,17,1,3,5,11,119.044
10/23/2022 10:11:17,"6,38,02,11,66,76,77,80,000.00",7,33,2,6,5,27,236.21
10/23/2022 10:12:21,"6,38,02,11,67,40,45,90,000.00",4,10,3,2,3,6,62.331
10/23/2022 10:15:10,"6,38,02,11,69,09,87,00,000.00",2,17,3,4,0,16,168.244
10/23/2022 10:17:21,"6,38,02,11,70,41,38,20,000.00",6,10,3,4,1,8,129.095
10/23/2022 11:42:57,"6,38,02,12,21,76,88,10,000.00",2,4,1,3,0,3,62.029
10/23/2022 11:43:52,"6,38,02,12,22,31,91,80,000.00",2,3,2,6,0,2,53.655
10/23/2022 11:44:21,"6,38,02,12,22,60,49,50,000.00",1,3,3,3,0,2,26.926
10/23/2022 13:15:05,"6,38,02,12,77,10,62,50,000.00",2,30,1,2,8,21,120.874
10/23/2022 13:16:24,"6,38,02,12,77,89,87,90,000.00",1,8,2,4,2,5,77.413
10/23/2022 13:16:48,"6,38,02,12,78,08,40,40,000.00",2,13,1,2,4,8,104.364
10/23/2022 13:17:32,"6,38,02,12,78,51,67,00,000.00",2,2,2,6,0,1,42.016
10/23/2022 13:20:33,"6,38,02,12,80,32,78,70,000.00",4,13,3,2,2,10,180.186
10/23/2022 13:22:37,"6,38,02,12,81,56,99,40,000.00",2,1,1,2,0,0,10.347
10/23/2022 13:48:21,"6,38,02,12,97,00,50,80,000.00",2,11,1,2,4,6,51.049
10/23/2022 13:51:23,"6,38,02,12,98,81,70,60,000.00",4,8,1,3,2,5,102.351
10/23/2022 13:51:48,"6,38,02,12,99,06,36,50,000.00",0,4,2,4,0,3,23.314
10/23/2022 14:08:17,"6,38,02,13,08,96,90,40,000.00",2,6,1,3,2,3,76.771
10/23/2022 14:10:37,"6,38,02,13,10,36,32,60,000.00",3,12,2,7,0,11,137.839
10/23/2022 14:11:12,"6,38,02,13,10,72,10,30,000.00",2,5,1,3,1,3,32.844
10/23/2022 14:11:52,"6,38,02,13,11,11,58,10,000.00",2,6,3,4,0,5,73.837
10/23/2022 14:12:03,"6,38,02,13,11,23,43,70,000.00",2,6,2,6,0,5,50.395
10/23/2022 14:14:03,"6,38,02,13,84,87,99,20,000.00",4,4,1,2,0,3,130.832
10/23/2022 14:15:36,"6,38,02,13,13,35,64,50,000.00",4,13,3,3,2,10,211.048
10/23/2022 14:17:09,"6,38,02,13,86,73,24,80,000.00",1,4,3,1,1,2,85.134
10/23/2022 14:23:16,"6,38,02,13,17,94,99,40,000.00",2,4,2,5,0,3,27.374
10/23/2022 14:24:41,"6,38,02,13,18,80,18,00,000.00",1,6,3,3,1,4,47.672
10/23/2022 14:27:00,"6,38,02,13,20,19,55,70,000.00",2,1,1,3,0,0,33.069
10/23/2022 14:28:46,"6,38,02,13,21,25,62,50,000.00",1,4,2,7,0,3,102.833
10/23/2022 14:29:09,"6,38,02,13,21,48,86,80,000.00",6,10,1,2,1,8,121.562
10/23/2022 14:45:21,"6,38,02,13,31,20,66,60,000.00",2,2,1,3,1,0,35.264
10/23/2022 14:46:20,"6,38,02,13,31,79,28,20,000.00",2,5,2,6,0,4,56.3
10/23/2022 14:47:03,"6,38,02,13,32,22,76,40,000.00",2,3,3,4,0,2,40.166
10/23/2022 15:07:26,"6,38,02,13,44,45,85,40,000.00",2,3,1,2,1,1,46.636
10/23/2022 15:40:23,"6,38,02,13,64,22,41,00,000.00",4,16,1,3,7,8,139.699
10/23/2022 15:41:52,"6,38,02,13,65,11,27,60,000.00",2,8,2,4,1,6,87.266
10/23/2022 15:42:01,"6,38,02,13,65,20,12,70,000.00",0,1,2,4,0,0,5.984
10/23/2022 15:51:08,"6,38,02,13,70,67,12,80,000.00",2,3,1,3,1,1,47.902
10/23/2022 15:52:52,"6,38,02,13,71,71,76,80,000.00",4,14,2,5,2,11,103.423
10/23/2022 16:00:57,"6,38,02,13,76,56,31,70,000.00",2,2,1,2,1,0,28.968
10/23/2022 16:01:29,"6,38,02,13,76,88,69,20,000.00",2,5,2,3,1,3,31.108
10/23/2022 16:03:49,"6,38,02,13,78,29,02,90,000.00",3,21,2,5,1,19,137.043
10/23/2022 16:23:11,"6,38,02,13,89,90,82,10,000.00",2,6,1,3,1,4,28.072
10/23/2022 16:23:48,"6,38,02,13,90,28,40,80,000.00",2,3,2,6,0,2,36.503
10/23/2022 16:48:14,"6,38,02,14,04,93,14,90,000.00",2,1,1,3,0,0,29.611
10/23/2022 16:48:32,"6,38,02,14,05,11,78,70,000.00",2,1,1,1,0,0,15.141
10/23/2022 16:49:48,"6,38,02,14,05,87,40,50,000.00",2,3,2,7,0,2,70.521
10/23/2022 17:23:14,"6,38,02,14,25,94,10,10,000.00",2,7,1,3,3,3,60.089
10/23/2022 17:28:02,"6,38,02,14,28,82,04,80,000.00",2,1,1,2,0,0,19.317
10/23/2022 17:28:41,"6,38,02,14,29,21,13,00,000.00",2,4,2,3,0,3,36.533
10/23/2022 17:29:24,"6,38,02,14,29,63,49,70,000.00",2,2,2,6,0,1,40.533
10/23/2022 17:41:43,"6,38,02,14,37,02,20,10,000.00",2,23,1,2,5,17,97.005
10/23/2022 18:01:26,"6,38,02,14,48,85,25,00,000.00",2,29,1,3,4,24,236.316
10/23/2022 18:11:56,"6,38,02,14,55,13,72,90,000.00",2,6,1,3,2,3,52.131
10/23/2022 18:13:11,"6,38,02,14,55,89,55,50,000.00",1,7,2,4,0,6,74.29
10/23/2022 18:22:57,"6,38,02,14,61,76,14,60,000.00",2,2,1,2,0,1,33.774
10/23/2022 18:23:31,"6,38,02,14,62,10,79,60,000.00",1,1,2,4,0,0,32.6
10/23/2022 18:29:46,"6,38,02,14,65,85,20,90,000.00",2,2,1,3,0,1,35.027
10/23/2022 18:33:56,"6,38,02,14,68,35,37,40,000.00",4,13,1,2,2,10,96.635
10/23/2022 18:34:33,"6,38,02,14,68,72,30,80,000.00",1,3,2,4,0,2,35.016
10/23/2022 18:34:55,"6,38,02,14,68,94,25,70,000.00",1,2,2,4,0,1,20.532
10/23/2022 18:35:43,"6,38,02,14,69,42,70,70,000.00",1,5,3,1,1,3,44.766
10/23/2022 18:41:22,"6,38,02,14,72,80,35,20,000.00",2,21,1,3,2,18,268.459
10/23/2022 18:46:59,"6,38,02,14,76,18,44,70,000.00",2,12,1,2,2,9,67.33
10/23/2022 18:48:08,"6,38,02,14,76,87,27,80,000.00",2,10,2,4,3,6,67.082
10/23/2022 19:12:28,"6,38,02,14,91,47,54,70,000.00",6,3,1,2,0,2,83.396
10/23/2022 19:20:45,"6,38,02,14,96,43,87,50,000.00",2,2,1,2,0,1,21.848
10/23/2022 19:21:28,"6,38,02,14,96,87,34,00,000.00",2,3,2,2,0,2,41.631
10/23/2022 19:29:57,"6,38,02,15,01,96,84,10,000.00",2,2,1,3,0,1,115.171
10/23/2022 19:30:40,"6,38,02,15,02,40,03,90,000.00",2,2,2,6,0,1,41.732
10/23/2022 19:31:49,"6,38,02,15,03,08,59,90,000.00",1,4,3,3,1,2,66.412
10/23/2022 19:45:50,"6,38,02,15,11,49,41,30,000.00",2,6,1,2,1,4,75.584
10/23/2022 19:46:52,"6,38,02,15,12,11,88,00,000.00",2,10,2,5,0,9,60.633
10/23/2022 19:49:23,"6,38,02,15,13,62,23,00,000.00",2,25,2,6,6,18,148.733
10/23/2022 19:52:03,"6,38,02,15,15,22,27,90,000.00",2,4,1,2,1,2,44.237
10/23/2022 19:52:12,"6,38,02,15,15,31,73,20,000.00",2,2,1,3,0,1,25.147
10/23/2022 19:52:59,"6,38,02,15,15,78,41,50,000.00",2,1,2,6,0,0,45.366
10/23/2022 19:53:27,"6,38,02,15,16,05,90,30,000.00",1,11,2,4,1,9,80.891
10/23/2022 19:53:51,"6,38,02,15,16,29,92,10,000.00",2,12,1,3,3,8,82.352
10/23/2022 19:55:10,"6,38,02,15,17,08,59,40,000.00",2,5,2,7,0,4,77.318
10/23/2022 19:55:58,"6,38,02,15,17,58,14,70,000.00",2,5,3,3,0,4,177.932
10/23/2022 19:59:11,"6,38,02,15,19,50,27,80,000.00",2,16,3,5,1,14,238.597
10/23/2022 20:05:21,"6,38,02,15,23,20,90,60,000.00",2,11,1,2,3,7,68.557
10/23/2022 20:06:18,"6,38,02,15,23,78,04,10,000.00",2,3,2,7,0,2,55.418
10/23/2022 20:06:22,"6,38,02,15,23,81,54,20,000.00",2,3,1,2,0,2,30.399
10/23/2022 20:06:46,"6,38,02,15,24,05,65,90,000.00",2,1,2,2,0,0,21.5
10/23/2022 20:06:55,"6,38,02,15,24,14,08,50,000.00",0,2,3,4,0,1,34.294
10/23/2022 20:36:54,"6,38,02,15,42,12,70,80,000.00",2,6,1,3,0,5,78.502
10/23/2022 20:37:32,"6,38,02,15,42,51,28,60,000.00",1,5,2,4,0,4,37.108
10/23/2022 20:49:46,"6,38,02,15,49,84,34,00,000.00",2,3,1,3,0,2,34.813
10/23/2022 20:50:20,"6,38,02,15,50,18,88,50,000.00",1,3,2,4,0,2,32.94
10/23/2022 21:26:45,"6,38,02,15,72,04,36,80,000.00",2,8,1,3,1,6,59.316
10/23/2022 21:28:48,"6,38,02,15,73,27,36,80,000.00",2,8,3,1,0,7,63.333
10/23/2022 22:09:37,"6,38,02,15,97,76,72,30,000.00",2,7,1,2,0,6,51.561
10/23/2022 22:11:16,"6,38,02,15,98,74,10,90,000.00",2,4,1,2,2,1,27.411
10/23/2022 22:11:53,"6,38,02,15,99,12,24,50,000.00",2,4,2,3,1,2,36.803
10/23/2022 22:13:16,"6,38,02,15,99,94,94,40,000.00",4,5,2,7,0,4,77.494
10/23/2022 22:33:05,"6,38,02,16,11,83,80,20,000.00",2,1,1,2,0,0,18.717
10/23/2022 22:36:01,"6,38,02,16,13,59,07,90,000.00",2,33,1,2,3,29,191.921
10/23/2022 22:36:37,"6,38,02,16,13,95,69,20,000.00",2,3,2,2,0,2,33.095
10/23/2022 22:37:47,"6,38,02,16,14,66,74,70,000.00",2,6,1,3,0,5,66.089
10/23/2022 22:38:54,"6,38,02,16,15,33,77,30,000.00",2,4,2,5,0,3,65.876
10/23/2022 22:39:15,"6,38,02,16,15,53,03,60,000.00",2,12,2,5,0,11,153.837
10/23/2022 22:40:36,"6,38,02,16,16,34,53,40,000.00",2,10,3,4,1,8,76.114
10/23/2022 22:41:49,"6,38,02,16,17,08,55,40,000.00",2,4,1,3,1,2,43.134
10/23/2022 22:42:22,"6,38,02,16,17,41,79,10,000.00",2,3,2,7,0,2,31.738
10/23/2022 22:44:06,"6,38,02,16,18,45,36,10,000.00",2,3,1,2,1,1,27.731
10/23/2022 22:46:22,"6,38,02,16,19,81,79,40,000.00",6,11,2,3,2,8,134.799
10/23/2022 22:47:13,"6,38,02,16,20,32,71,20,000.00",2,2,2,3,0,1,32.5
10/23/2022 22:53:46,"6,38,02,16,24,25,04,00,000.00",4,10,1,2,3,6,73.484
10/23/2022 22:54:14,"6,38,02,16,24,53,22,30,000.00",2,2,2,5,0,1,26.849
10/23/2022 22:55:48,"6,38,02,16,25,47,53,50,000.00",2,5,1,3,0,4,48.076
10/23/2022 23:01:44,"6,38,02,16,29,04,31,60,000.00",2,8,1,2,3,4,48.538
10/23/2022 23:02:36,"6,38,02,16,29,56,31,80,000.00",4,7,2,2,2,4,50.442
10/23/2022 23:04:53,"6,38,02,16,30,92,64,30,000.00",2,8,1,3,1,6,45.565
10/23/2022 23:08:16,"6,38,02,16,32,94,68,90,000.00",4,5,1,2,3,1,69.601
10/23/2022 23:09:31,"6,38,02,16,33,70,77,90,000.00",2,2,1,2,1,0,20.534
10/23/2022 23:11:04,"6,38,02,16,34,63,87,20,000.00",2,10,2,5,1,8,90.443
10/23/2022 23:13:31,"6,38,02,16,36,10,26,80,000.00",4,14,2,6,3,10,144.346
10/23/2022 23:17:42,"6,38,02,16,38,62,02,00,000.00",4,21,3,4,1,19,249.452
10/23/2022 23:40:06,"6,38,02,16,52,05,35,00,000.00",2,4,1,3,1,2,43.126
10/23/2022 23:43:35,"6,38,02,16,54,15,34,90,000.00",2,25,2,7,0,24,208.548
10/23/2022 23:45:35,"6,38,02,16,55,34,82,70,000.00",2,10,3,5,0,9,116.942
10/23/2022 23:45:50,"6,38,02,16,55,49,21,10,000.00",2,5,1,2,1,3,52.682
10/23/2022 23:48:07,"6,38,02,16,56,86,72,40,000.00",1,7,3,1,1,5,67.682
10/23/2022 23:58:45,"6,38,02,16,63,24,02,10,000.00",2,6,1,3,2,3,65.195
10/23/2022 23:59:15,"6,38,02,16,63,54,68,80,000.00",1,3,2,4,0,2,28.813
10/24/2022 0:03:49,"6,38,02,16,66,28,82,10,000.00",4,12,1,3,2,9,186.249
10/24/2022 0:16:57,"6,38,02,16,74,15,93,70,000.00",2,2,1,2,0,1,31.533
10/24/2022 0:17:30,"6,38,02,16,74,50,06,20,000.00",2,2,1,3,0,1,24.329
10/24/2022 0:17:50,"6,38,02,16,74,69,52,00,000.00",2,5,1,3,2,2,43.036
10/24/2022 0:18:40,"6,38,02,16,75,20,39,70,000.00",2,6,2,3,3,2,49.724
10/24/2022 0:19:27,"6,38,02,16,75,67,28,80,000.00",1,7,3,2,1,5,37.806
10/24/2022 11:05:35,"6,38,02,20,63,33,70,00,000.00",2,3,1,1,0,2,33.14
10/24/2022 11:06:31,"6,38,02,20,63,91,05,10,000.00",3,7,1,2,3,3,75.584
10/24/2022 11:27:02,"6,38,02,20,76,21,27,30,000.00",4,11,1,3,2,8,107.987
10/24/2022 13:13:32,"6,38,02,21,40,11,16,30,000.00",2,8,1,3,2,5,42.754
10/24/2022 13:14:15,"6,38,02,21,40,54,21,20,000.00",2,6,2,5,1,4,40.866
10/24/2022 14:30:49,"6,38,02,21,86,44,34,10,000.00",2,3,1,2,0,2,19.135
10/24/2022 14:31:47,"6,38,02,21,87,03,35,90,000.00",2,7,2,3,2,4,57.449
10/24/2022 14:34:07,"6,38,02,21,88,43,58,30,000.00",2,12,2,5,0,11,138.365
10/24/2022 14:34:59,"6,38,02,21,88,95,55,60,000.00",2,8,2,4,0,7,44.495
10/24/2022 14:36:13,"6,38,02,21,89,72,76,30,000.00",4,6,1,2,1,4,61.833
10/24/2022 14:38:28,"6,38,02,21,91,07,14,60,000.00",1,3,3,2,0,2,24.585
